1,43880455,43880121,2006/05/07,470.46
2,43879990,43880837,2022/10/02,873.89
3,43879980,43881499,2009/04/04,868.94
4,43880046,43880900,2012/07/24,847.44
5,43881447,43881183,2004/05/15,303.55
6,43880497,43880909,2014/04/22,362.71
7,43880706,43880298,2022/04/24,796.4
8,43879988,43881119,2001/12/17,701.6
9,43880062,43881094,2001/11/06,646.3
10,43879653,43881317,2021/02/07,272.81
11,43879776,43881512,2003/01/09,777.99
12,43881335,43880816,2009/11/22,627.25
13,43879899,43881295,2003/07/18,433.12
14,43880991,43880440,2018/09/25,451.45
15,43880527,43880471,2003/12/31,574.03
16,43879993,43880042,2018/10/23,720.34
17,43880769,43880159,2011/08/24,157.31
18,43880064,43881364,2016/12/16,355.57
19,43879632,43881285,2014/05/08,385.58
20,43880694,43879935,2018/12/17,487.36
21,43879709,43880803,2019/06/18,113.71
22,43880707,43881001,2009/01/07,331.67
23,43880171,43880499,2007/06/05,303.88
24,43880291,43879878,2009/06/06,952.5
25,43881083,43880439,2015/02/26,392.83
26,43879618,43881376,2006/06/18,208.67
27,43879559,43880384,2000/05/18,154.17
28,43881005,43879669,2008/08/06,4.24
29,43881476,43879863,2009/05/16,118.54
30,43879594,43879838,2019/05/24,104.07
31,43880983,43879654,2004/09/27,225.47
32,43880278,43879855,2005/07/12,393.42
33,43880825,43881227,2002/02/01,254.32
34,43880939,43880780,2001/07/23,11.89
35,43880882,43880199,2010/07/10,686.85
36,43880731,43880538,2003/09/17,730.13
37,43880397,43881390,2021/05/01,358.83
38,43880956,43880268,2016/05/22,449.71
39,43880362,43880125,2020/03/10,846.65
40,43880977,43880101,2016/02/29,274.63
41,43880764,43880966,2015/05/02,891.13
42,43881069,43881261,2004/11/29,526.09
43,43881214,43880869,2014/02/18,643.95
44,43880592,43880020,2002/06/14,878.17
45,43880902,43881127,2017/09/21,399.37
46,43879710,43880605,2003/04/20,276.6
47,43881224,43879566,2014/04/12,956.3
48,43879956,43880362,2003/06/01,71.91
49,43880978,43880696,2016/08/25,728.39
50,43879573,43879859,2022/05/29,83.26
51,43880188,43880225,2009/01/27,723.25
52,43880696,43880741,2005/03/27,597.05
53,43881421,43881168,2009/11/23,617.89
54,43879989,43879587,2012/05/02,580.55
55,43880989,43879604,2010/02/20,878.89
56,43879836,43880261,2013/10/04,522.42
57,43881047,43880468,2017/04/12,669.1
58,43879993,43880848,2011/03/17,709.86
59,43880262,43880764,2019/03/24,690.71
60,43879893,43879903,2009/06/10,873.17
61,43879538,43880525,2009/02/10,761.99
62,43879556,43880172,2021/12/10,610.92
63,43880385,43880495,2014/08/27,285.82
64,43879732,43880842,2010/11/21,190.12
65,43880606,43880224,2005/09/18,312.11
66,43880278,43880302,2011/05/23,721.11
67,43880613,43879525,2006/02/05,270.08
68,43879607,43879873,2012/06/05,215.72
69,43879677,43881469,2009/03/10,114.07
70,43880616,43879769,2003/09/13,641.0
71,43881409,43881243,2010/09/28,47.29
72,43880130,43880541,2009/02/16,451.05
73,43879534,43880418,2002/05/13,761.91
74,43879550,43879747,2010/03/19,50.93
75,43880854,43880128,2002/05/09,552.92
76,43880572,43880594,2021/05/27,920.06
77,43880289,43880908,2012/04/24,867.06
78,43879655,43881076,2001/10/09,184.26
79,43879649,43880852,2007/11/18,951.85
80,43881354,43881252,2021/12/06,602.81
81,43881046,43880428,2012/01/09,327.58
82,43880828,43879563,2002/01/18,877.33
83,43880070,43880804,2018/01/31,859.31
84,43880104,43880748,2003/04/02,142.42
85,43881226,43880288,2007/05/04,77.61
86,43881069,43880135,2007/07/21,71.13
87,43880413,43881350,2007/04/10,868.31
88,43881258,43880628,2018/04/09,282.14
89,43880800,43881018,2016/07/11,212.81
90,43880492,43881197,2001/05/13,673.72
91,43881065,43880494,2007/02/01,716.81
92,43880313,43879839,2017/07/22,916.16
93,43879683,43881171,2021/12/17,304.54
94,43880056,43880009,2000/06/14,99.58
95,43881423,43879823,2006/12/03,837.32
96,43881117,43879557,2011/09/07,57.54
97,43880561,43880336,2012/01/18,920.49
98,43881269,43880126,2011/11/23,156.48
99,43880760,43879736,2017/08/29,880.1
100,43879780,43880638,2017/11/18,506.83
101,43881085,43881444,2004/09/29,129.71
102,43881020,43881452,2020/10/08,343.96
103,43880015,43881400,2018/09/16,707.8
104,43879886,43880611,2007/06/07,411.68
105,43880712,43879563,2009/12/12,415.51
106,43880607,43880107,2019/08/22,278.7
107,43879838,43879831,2009/06/18,637.85
108,43880336,43879940,2002/10/14,286.34
109,43880798,43880106,2017/01/08,357.05
110,43879800,43880832,2003/11/11,132.12
111,43880109,43880630,2001/05/16,923.04
112,43879932,43880594,2009/02/02,133.74
113,43881178,43881060,2008/09/02,470.65
114,43880046,43880780,2015/11/08,349.74
115,43879909,43879947,2018/01/23,820.98
116,43880260,43880364,2004/02/29,366.71
117,43881370,43879605,2021/11/20,499.31
118,43879663,43880740,2003/01/29,995.75
119,43879857,43881276,2018/12/07,38.71
120,43879992,43879749,2001/07/24,237.89
121,43880980,43879751,2011/01/19,673.19
122,43879530,43880729,2006/07/18,767.62
123,43880849,43879886,2013/09/09,544.63
124,43880893,43881144,2020/05/13,75.21
125,43880992,43879705,2010/02/23,414.89
126,43881094,43881367,2019/11/02,38.3
127,43881509,43881246,2022/09/03,738.69
128,43880872,43880724,2014/06/26,260.78
129,43880262,43881379,2008/10/09,284.28
130,43880824,43880429,2022/03/28,240.78
131,43879628,43881042,2019/06/12,233.3
132,43880655,43880802,2021/09/13,947.38
133,43880976,43880765,2003/08/08,262.2
134,43880022,43880628,2013/12/16,114.15
135,43880516,43880791,2004/05/09,946.72
136,43879574,43881290,2018/05/30,127.34
137,43881370,43880464,2016/09/03,589.6
138,43881237,43881337,2018/09/08,968.13
139,43879886,43880959,2000/05/14,98.11
140,43879768,43880524,2002/12/10,697.08
141,43880975,43879550,2008/02/02,284.39
142,43880958,43880689,2018/03/15,937.8
143,43879711,43880908,2023/01/15,429.9
144,43881272,43879832,2020/08/07,363.66
145,43881031,43881140,2019/08/18,694.54
146,43880172,43879950,2010/07/22,721.56
147,43879639,43881495,2005/10/26,179.01
148,43880702,43881069,2020/07/03,593.37
149,43879644,43881110,2010/10/18,460.14
150,43880218,43881056,2021/02/14,828.34
151,43881174,43880404,2019/07/25,940.06
152,43880573,43880914,2005/08/02,324.08
153,43879794,43881055,2013/06/06,380.67
154,43880462,43880436,2022/07/06,291.41
155,43879827,43881418,2003/10/18,226.51
156,43881472,43879721,2013/12/28,459.27
157,43880908,43880103,2007/02/13,1.95
158,43880708,43880792,2016/07/24,304.58
159,43880969,43881091,2023/01/10,63.6
160,43880583,43880776,2002/01/09,450.45
161,43881457,43879864,2017/12/10,426.46
162,43881421,43880132,2020/11/02,514.3
163,43879594,43880939,2010/07/24,771.22
164,43879896,43880914,2017/11/22,824.97
165,43880923,43879647,2019/01/25,637.81
166,43881030,43879698,2004/12/22,654.26
167,43880645,43881240,2007/11/24,537.48
168,43881470,43880828,2009/11/29,446.29
169,43880739,43881264,2016/08/05,216.94
170,43880124,43879667,2008/07/17,872.96
171,43881212,43881215,2009/10/20,226.55
172,43879871,43880692,2020/07/29,672.19
173,43880349,43879922,2003/10/23,559.45
174,43880143,43879714,2022/01/09,956.38
175,43879790,43879699,2009/07/19,925.3
176,43881342,43880010,2007/07/24,187.46
177,43879691,43880037,2009/07/21,852.46
178,43880926,43881322,2019/01/21,204.27
179,43879514,43879898,2016/01/01,545.52
180,43879963,43880770,2010/12/14,708.38
181,43880842,43880844,2017/04/17,612.68
182,43880997,43880724,2016/09/25,259.6
183,43881433,43880144,2007/05/05,853.34
184,43880362,43881069,2015/07/04,747.58
185,43880690,43880988,2000/11/30,772.16
186,43881303,43880764,2023/03/19,118.42
187,43879965,43880786,2011/08/27,30.47
188,43880397,43879665,2007/12/03,263.21
189,43880860,43880132,2010/01/12,54.56
190,43879747,43880755,2009/11/10,961.22
191,43880029,43879959,2012/08/10,42.11
192,43881319,43879690,2010/05/18,664.44
193,43879838,43880520,2002/01/29,760.75
194,43879685,43880540,2022/10/17,396.49
195,43880694,43880736,2013/05/03,431.23
196,43880481,43881208,2021/07/24,328.37
197,43880881,43880784,2009/03/27,592.22
198,43880422,43880468,2010/04/27,744.55
199,43880150,43879586,2013/04/13,637.67
200,43880425,43881326,2009/05/23,681.2
201,43881351,43879779,2000/08/20,973.58
202,43881296,43879611,2021/05/17,53.17
203,43881440,43881166,2001/01/29,523.78
204,43879586,43881355,2016/04/30,841.35
205,43880154,43881171,2020/08/11,412.79
206,43879781,43880731,2003/12/21,139.25
207,43880839,43880729,2018/07/25,47.45
208,43881512,43880736,2001/10/26,620.03
209,43881499,43880359,2019/07/17,215.45
210,43880263,43879896,2017/01/26,498.92
211,43881416,43881266,2019/08/16,788.34
212,43880115,43880514,2014/04/21,338.38
213,43881171,43880642,2021/04/24,110.36
214,43881110,43881254,2007/06/17,595.64
215,43881491,43881313,2014/10/05,990.78
216,43880928,43880878,2012/12/08,25.99
217,43881169,43880088,2019/01/26,531.2
218,43880332,43880117,2001/07/03,90.67
219,43881499,43879711,2007/09/25,171.89
220,43879805,43881000,2022/02/05,754.0
221,43881503,43879582,2004/06/25,549.7
222,43880144,43879604,2016/11/12,847.06
223,43879791,43879916,2009/10/24,879.1
224,43881456,43879838,2022/04/20,201.7
225,43881369,43879570,2016/12/21,421.45
226,43879892,43881167,2012/11/05,219.55
227,43879592,43880659,2004/08/25,327.87
228,43879640,43880531,2004/09/09,292.0
229,43879834,43880417,2013/11/25,833.1
230,43881089,43880426,2016/11/12,616.36
231,43880743,43881326,2011/06/17,986.94
232,43880048,43880476,2012/01/22,78.68
233,43879874,43880555,2022/02/13,322.44
234,43879630,43880088,2007/11/21,411.02
235,43880332,43881034,2021/04/18,696.4
236,43879670,43879537,2022/07/20,314.47
237,43879595,43880546,2006/10/16,397.42
238,43879695,43880692,2009/06/24,684.38
239,43880948,43879848,2007/05/23,529.76
240,43880874,43880964,2009/04/29,893.89
241,43881456,43880342,2022/03/11,266.12
242,43880161,43880992,2000/04/27,680.37
243,43881476,43880239,2004/08/16,728.38
244,43881412,43881097,2013/11/25,253.58
245,43880567,43880837,2016/11/23,892.17
246,43879753,43880252,2005/02/09,996.41
247,43881088,43880734,2020/08/01,611.79
248,43880479,43880174,2020/12/01,839.33
249,43880960,43879516,2006/11/02,504.24
250,43881132,43880115,2012/08/12,726.77
251,43880128,43879797,2021/11/19,397.45
252,43880499,43880257,2014/07/19,17.24
253,43881296,43880591,2002/06/26,629.66
254,43879638,43880010,2000/04/12,692.77
255,43880738,43880688,2004/02/17,30.95
256,43880182,43879752,2021/06/02,22.28
257,43881118,43880549,2004/08/28,948.1
258,43880433,43880787,2011/11/29,566.9
259,43879576,43879522,2013/11/10,158.85
260,43881268,43880046,2011/06/27,768.38
261,43880692,43880224,2000/08/07,71.43
262,43880163,43879577,2021/11/19,20.25
263,43881180,43880377,2016/02/14,90.6
264,43881323,43880334,2003/12/17,473.7
265,43880647,43880074,2017/08/23,972.82
266,43880453,43880912,2018/09/20,564.06
267,43881376,43879813,2005/12/24,389.58
268,43879749,43880887,2007/11/10,748.73
269,43881061,43880442,2009/08/12,730.28
270,43879534,43880318,2012/11/15,599.76
271,43881303,43881068,2003/12/03,497.0
272,43881359,43881501,2010/07/09,118.68
273,43880292,43880360,2000/04/09,375.95
274,43879890,43879989,2016/03/23,294.48
275,43880817,43880502,2005/01/25,132.18
276,43880582,43880202,2003/06/25,766.82
277,43880488,43880312,2014/03/16,886.35
278,43881217,43880839,2011/07/21,495.38
279,43880649,43881314,2000/09/01,885.56
280,43881248,43879893,2007/04/10,534.24
281,43880321,43881277,2002/09/27,618.95
282,43879629,43880621,2018/06/07,530.86
283,43880192,43880769,2010/03/10,993.37
284,43879977,43880313,2018/03/14,898.5
285,43880542,43881465,2018/05/16,579.88
286,43880861,43880681,2008/11/09,845.32
287,43881391,43879704,2001/01/04,117.77
288,43879551,43880535,2008/08/14,501.02
289,43881111,43880533,2009/02/15,67.03
290,43881511,43881242,2003/02/08,257.9
291,43879986,43881347,2009/04/22,362.79
292,43881473,43880013,2014/01/29,950.34
293,43880702,43879944,2017/06/04,167.67
294,43881252,43880654,2019/08/01,740.26
295,43880081,43879538,2015/11/05,380.25
296,43881273,43879843,2004/01/27,218.82
297,43880809,43880064,2007/06/09,912.29
298,43880443,43881399,2004/03/29,626.78
299,43880674,43881000,2007/10/25,272.64
300,43880303,43880271,2013/09/01,129.95
301,43879770,43880667,2012/11/22,994.64
302,43880440,43881149,2000/09/18,560.75
303,43879952,43880057,2002/10/01,346.35
304,43879835,43879515,2004/08/21,84.8
305,43879599,43880734,2003/12/19,460.66
306,43880430,43880947,2005/01/10,740.48
307,43880806,43879646,2006/08/08,85.19
308,43880381,43880660,2002/11/16,730.55
309,43880176,43880515,2022/08/18,655.65
310,43880603,43879984,2016/02/24,243.22
311,43880066,43880155,2009/04/10,668.76
312,43880513,43880466,2023/03/19,549.2
313,43881483,43880241,2021/09/22,961.06
314,43879558,43879886,2007/10/08,440.89
315,43880342,43879578,2005/05/08,939.28
316,43881236,43880771,2010/09/30,328.76
317,43880881,43879990,2018/06/28,780.69
318,43880961,43880959,2013/10/26,531.06
319,43880573,43879640,2009/08/30,502.39
320,43880093,43880494,2010/06/18,763.07
321,43880379,43881094,2003/08/24,414.34
322,43881309,43879861,2014/09/04,516.79
323,43880139,43880769,2000/08/24,744.58
324,43880045,43881346,2003/01/10,258.7
325,43880890,43879555,2014/02/11,93.98
326,43880148,43880487,2020/07/20,478.08
327,43881067,43880912,2019/08/13,375.97
328,43880661,43880839,2010/10/15,21.95
329,43881307,43880172,2008/08/14,406.32
330,43881059,43880643,2010/05/19,670.58
331,43881347,43880483,2012/06/15,552.77
332,43880755,43881221,2020/02/18,835.83
333,43880712,43880440,2022/06/21,145.48
334,43880426,43880397,2013/04/26,993.08
335,43880285,43881381,2002/03/27,282.91
336,43880286,43880966,2023/02/12,350.0
337,43879936,43881497,2019/06/06,94.6
338,43879960,43880329,2007/08/29,267.93
339,43880517,43879904,2003/08/23,163.72
340,43881239,43881320,2022/10/23,734.36
341,43881391,43880117,2016/05/12,52.22
342,43879756,43881324,2005/08/26,113.89
343,43881351,43880571,2013/10/07,285.35
344,43880309,43880819,2008/10/15,163.17
345,43879831,43880297,2020/01/18,888.79
346,43880129,43879845,2002/01/08,932.22
347,43880698,43879608,2001/10/28,878.2
348,43880165,43879831,2006/02/28,538.42
349,43881073,43880742,2017/09/07,236.13
350,43879857,43880861,2021/07/06,620.9
351,43881349,43879671,2004/07/03,355.17
352,43881236,43880737,2013/07/06,660.05
353,43880415,43880619,2003/02/25,413.22
354,43880401,43879574,2015/09/06,315.55
355,43881174,43880384,2010/10/01,34.4
356,43880765,43881204,2007/06/30,42.37
357,43880777,43881289,2014/11/08,882.67
358,43880872,43880612,2013/10/08,654.29
359,43881192,43881321,2014/12/25,802.36
360,43880931,43879527,2020/11/17,408.63
361,43881014,43880451,2020/04/05,353.27
362,43880191,43880505,2015/11/10,624.27
363,43880810,43879784,2007/04/22,763.75
364,43880612,43879653,2012/06/11,898.6
365,43879707,43880807,2014/11/19,111.52
366,43879845,43881011,2020/05/07,816.82
367,43881491,43879547,2011/03/10,852.01
368,43879808,43881067,2012/04/15,884.87
369,43880726,43879975,2020/05/19,946.48
370,43880782,43881122,2017/05/23,812.75
371,43880334,43881057,2006/08/16,317.71
372,43881200,43879929,2009/11/18,920.32
373,43880058,43880796,2001/03/25,481.87
374,43880830,43880099,2018/05/12,799.51
375,43880912,43881358,2009/08/05,292.22
376,43879682,43880911,2021/09/17,10.04
377,43880691,43880381,2007/04/15,745.12
378,43881170,43880722,2003/03/01,283.81
379,43880741,43879717,2007/06/14,485.63
380,43880375,43881132,2013/11/08,715.51
381,43880712,43879803,2020/02/26,450.71
382,43881345,43879659,2018/01/26,496.46
383,43881298,43880812,2001/08/01,586.94
384,43880826,43880746,2002/02/15,828.79
385,43880945,43880088,2012/10/25,813.21
386,43880498,43879728,2009/02/14,587.77
387,43880672,43880633,2019/12/03,544.6
388,43879718,43881098,2003/07/09,343.0
389,43879583,43881227,2011/04/27,787.71
390,43881055,43879922,2001/01/22,416.41
391,43881144,43881500,2008/03/27,612.97
392,43880603,43880935,2009/01/12,776.42
393,43880296,43881481,2019/07/30,79.57
394,43881290,43880364,2006/07/16,725.49
395,43880372,43881146,2009/03/11,956.33
396,43880315,43879976,2019/01/21,443.39
397,43879979,43880582,2013/01/17,840.1
398,43880892,43880317,2009/10/03,819.77
399,43880384,43879619,2021/09/27,386.19
400,43880322,43880472,2011/03/22,463.52
401,43880045,43880670,2012/01/17,256.49
402,43879865,43880477,2007/05/08,16.48
403,43881098,43880759,2014/12/16,696.4
404,43880927,43880511,2014/04/12,386.5
405,43880434,43879900,2006/10/30,25.4
406,43881153,43880980,2007/10/21,781.12
407,43879695,43880085,2006/03/10,158.45
408,43880813,43880713,2007/03/23,973.72
409,43881418,43879531,2020/04/12,906.47
410,43880494,43879587,2001/04/21,827.18
411,43880882,43880668,2020/07/23,309.47
412,43880570,43880983,2000/11/28,533.88
413,43880630,43880033,2021/11/25,152.4
414,43880565,43880105,2009/04/23,770.79
415,43880752,43880980,2012/01/17,584.9
416,43880386,43879979,2002/07/03,944.73
417,43880037,43880593,2021/11/08,916.06
418,43880220,43881477,2019/06/14,20.48
419,43880760,43880380,2020/09/19,690.81
420,43880617,43881247,2010/02/02,587.49
421,43880418,43879734,2021/08/08,551.06
422,43879968,43881305,2004/06/15,417.36
423,43881385,43880489,2010/12/01,724.92
424,43880420,43879514,2003/08/03,761.95
425,43880136,43880967,2004/11/06,573.43
426,43880471,43881152,2006/05/23,663.15
427,43880360,43881468,2012/07/18,338.67
428,43879930,43880452,2010/06/03,745.91
429,43880873,43879622,2020/01/23,43.77
430,43880271,43880500,2016/09/24,286.12
431,43879699,43879800,2019/03/16,420.17
432,43880596,43880690,2014/04/09,871.64
433,43881296,43880096,2006/05/20,421.59
434,43881092,43881081,2015/10/20,141.04
435,43879645,43880587,2008/10/05,334.67
436,43880657,43879684,2006/02/14,793.88
437,43879985,43880229,2005/11/18,619.06
438,43880135,43879930,2003/05/04,623.94
439,43880121,43880902,2018/03/29,605.98
440,43879905,43879814,2003/07/22,57.33
441,43880383,43879957,2018/03/06,838.07
442,43880366,43881428,2003/04/21,645.64
443,43879844,43881196,2001/05/13,692.98
444,43881424,43880199,2023/02/17,508.2
445,43880935,43881481,2017/08/28,388.69
446,43880556,43880856,2007/07/19,93.48
447,43880952,43879567,2005/12/30,983.93
448,43880111,43879873,2017/11/06,116.85
449,43880503,43879853,2021/11/29,230.51
450,43881498,43880387,2009/05/26,346.94
451,43879516,43880527,2023/03/13,465.09
452,43880124,43880398,2017/02/27,779.6
453,43879649,43880959,2022/07/02,62.46
454,43881096,43879576,2013/12/01,477.64
455,43880858,43880685,2016/10/31,981.97
456,43880054,43881482,2014/05/04,171.67
457,43881273,43881278,2005/03/15,192.35
458,43881037,43880173,2017/07/19,782.34
459,43880182,43880018,2014/02/21,662.99
460,43879679,43879793,2016/12/13,791.33
461,43880425,43880807,2009/03/15,162.81
462,43879932,43879771,2005/04/07,290.1
463,43880291,43880902,2010/10/18,364.51
464,43880915,43879637,2008/10/21,412.43
465,43881399,43880231,2001/08/30,254.51
466,43880486,43880510,2002/03/29,355.69
467,43880539,43881501,2022/03/13,347.21
468,43881207,43880949,2008/05/15,335.65
469,43880134,43880577,2010/12/05,539.5
470,43880204,43879658,2013/07/24,633.8
471,43879824,43880048,2006/05/07,708.12
472,43880359,43880330,2011/05/16,89.07
473,43880454,43881086,2013/11/25,654.16
474,43881492,43880783,2005/03/18,145.11
475,43879891,43880998,2013/04/22,783.4
476,43881211,43879614,2017/04/11,543.02
477,43879749,43881280,2008/04/20,153.34
478,43880182,43881380,2007/05/10,14.95
479,43881472,43880973,2014/07/09,797.44
480,43880682,43881343,2002/12/28,517.9
481,43881393,43881227,2014/09/21,657.11
482,43881039,43880701,2006/04/20,186.64
483,43881270,43880947,2020/07/12,559.18
484,43880812,43880146,2022/05/05,97.91
485,43880712,43880273,2020/02/17,328.94
486,43880099,43879823,2017/06/12,784.8
487,43880917,43881272,2013/06/14,284.84
488,43880816,43880617,2018/02/22,828.93
489,43880960,43879563,2007/09/01,408.87
490,43880206,43880332,2004/06/30,655.85
491,43880511,43880950,2008/04/11,953.28
492,43880242,43879659,2006/01/01,648.24
493,43881214,43880002,2017/05/31,960.66
494,43880609,43880182,2002/01/19,720.25
495,43879987,43880843,2011/05/04,870.77
496,43880167,43880684,2008/06/20,585.97
497,43881021,43880764,2021/08/27,322.63
498,43880661,43880472,2005/07/16,392.09
499,43880067,43880781,2004/11/24,602.42
500,43881445,43880949,2002/06/04,782.79
501,43880808,43880042,2022/02/16,627.03
502,43880712,43880521,2005/06/18,20.66
503,43880975,43881360,2019/04/18,946.26
504,43880479,43879889,2013/11/20,420.78
505,43881327,43880532,2019/08/03,845.79
506,43881095,43881195,2016/03/17,757.53
507,43880832,43880935,2001/02/26,595.44
508,43879752,43881038,2011/04/17,55.1
509,43881032,43880081,2001/03/06,854.29
510,43879592,43880879,2012/06/17,485.39
511,43880193,43880658,2009/06/30,334.53
512,43880831,43880443,2007/08/29,317.24
513,43880386,43881119,2004/03/21,355.49
514,43880848,43879754,2014/09/19,588.31
515,43881102,43880306,2002/01/02,999.08
516,43881239,43879768,2007/07/23,393.08
517,43879691,43879624,2022/05/06,309.52
518,43879883,43880152,2019/01/05,801.31
519,43880532,43880018,2016/10/25,734.51
520,43879720,43881025,2016/11/05,120.98
521,43880262,43880388,2010/08/03,626.8
522,43880598,43881408,2009/09/15,538.68
523,43881375,43880942,2008/05/08,873.91
524,43881027,43881209,2018/08/03,244.07
525,43880281,43881169,2014/03/12,628.33
526,43881425,43879774,2013/12/28,293.23
527,43880209,43879547,2005/01/21,378.13
528,43879518,43879713,2012/03/22,807.18
529,43879622,43880185,2022/05/03,628.43
530,43879592,43880230,2006/12/27,631.86
531,43879610,43880583,2018/03/31,159.4
532,43880607,43879837,2006/05/15,491.95
533,43879756,43880050,2012/01/27,332.59
534,43879762,43881416,2004/12/18,538.02
535,43880052,43879635,2019/10/27,539.43
536,43880695,43880794,2007/06/13,251.67
537,43880199,43881204,2014/08/21,213.42
538,43880815,43881364,2015/08/31,145.34
539,43880806,43881151,2013/02/20,858.94
540,43880233,43880594,2017/04/11,325.83
541,43880631,43881345,2020/04/19,441.74
542,43880891,43881210,2007/11/15,202.64
543,43881088,43880725,2002/08/25,610.17
544,43879923,43880279,2007/06/03,18.02
545,43879515,43879607,2015/07/12,116.59
546,43880183,43879974,2015/12/20,853.88
547,43880705,43880651,2009/01/04,375.68
548,43881206,43880335,2003/10/01,978.95
549,43880085,43880692,2012/06/28,284.53
550,43879630,43880404,2013/12/25,224.35
551,43881458,43881188,2021/05/10,200.49
552,43880754,43880053,2005/04/15,16.46
553,43880495,43879559,2003/06/13,77.08
554,43879580,43879743,2013/02/14,851.1
555,43880999,43881069,2021/01/10,224.14
556,43881472,43879792,2011/07/05,998.07
557,43879794,43879803,2002/07/20,29.54
558,43881373,43880034,2021/02/07,81.59
559,43880653,43879536,2013/11/12,469.79
560,43880760,43880817,2019/02/19,354.05
561,43879783,43880192,2009/08/16,594.36
562,43879772,43881083,2006/09/28,212.84
563,43880141,43880439,2007/08/08,81.64
564,43880060,43879703,2008/05/23,982.45
565,43881015,43880157,2016/12/23,414.41
566,43881490,43879745,2013/02/13,339.81
567,43880393,43879687,2008/10/19,492.97
568,43879678,43880034,2015/12/07,120.09
569,43881287,43879855,2011/09/28,257.02
570,43880365,43881094,2014/05/20,906.31
571,43881093,43880084,2019/12/27,416.27
572,43879769,43880751,2007/04/09,373.19
573,43879553,43881144,2015/10/04,128.7
574,43879528,43879868,2011/10/27,733.45
575,43880532,43881180,2021/10/12,964.38
576,43879784,43879714,2016/05/22,375.98
577,43879888,43880970,2006/05/31,986.89
578,43880084,43880941,2019/12/02,951.12
579,43880461,43880187,2008/05/11,595.01
580,43880839,43879958,2001/08/09,868.72
581,43881405,43880853,2000/12/07,418.4
582,43881384,43880703,2016/09/14,821.89
583,43880785,43880429,2005/08/18,321.15
584,43880764,43879719,2001/11/30,509.16
585,43880281,43880169,2022/12/11,382.81
586,43879542,43881040,2021/06/13,117.12
587,43881362,43881140,2004/08/18,914.75
588,43880977,43879701,2021/06/12,733.66
589,43880461,43880464,2020/10/31,680.12
590,43880444,43880161,2014/05/26,478.3
591,43880213,43879788,2017/01/27,5.88
592,43880479,43880133,2001/03/29,707.69
593,43879803,43881049,2007/07/11,337.83
594,43880388,43879980,2001/10/14,56.69
595,43880081,43879741,2004/03/27,48.62
596,43879815,43879678,2018/02/05,39.41
597,43879850,43880007,2002/01/12,522.74
598,43881108,43880847,2014/11/01,430.5
599,43881442,43879886,2021/12/23,341.51
600,43881478,43881254,2007/04/14,468.77
601,43881441,43880445,2009/11/15,397.95
602,43880294,43880277,2012/05/03,64.29
603,43880604,43881015,2000/10/28,704.69
604,43881289,43880830,2016/11/10,941.47
605,43880610,43880872,2012/12/02,297.15
606,43879791,43880791,2019/08/10,362.21
607,43879538,43879857,2018/07/31,899.7
608,43881383,43880771,2015/11/27,127.83
609,43880365,43880838,2018/11/30,844.36
610,43881327,43879815,2011/10/20,482.52
611,43879800,43879528,2015/05/14,932.28
612,43880392,43881244,2016/11/01,445.59
613,43880100,43881407,2005/04/08,330.52
614,43881506,43881165,2009/03/14,404.65
615,43880987,43879718,2016/10/03,166.25
616,43881182,43881269,2020/03/09,632.81
617,43880400,43880652,2008/07/02,21.9
618,43880497,43880058,2021/06/21,919.29
619,43880670,43881318,2021/10/03,858.17
620,43880099,43880679,2006/07/07,622.3
621,43879876,43879915,2019/08/04,323.24
622,43880092,43881233,2017/12/28,891.72
623,43880389,43880089,2008/11/14,723.23
624,43880120,43879894,2021/02/07,86.96
625,43881202,43881113,2009/11/18,692.52
626,43879651,43880017,2009/04/11,32.07
627,43879733,43880017,2018/10/02,244.01
628,43880596,43880410,2004/10/12,284.06
629,43881409,43879949,2009/10/01,706.71
630,43880311,43879584,2006/06/26,978.11
631,43880550,43879815,2002/09/22,338.62
632,43880883,43880065,2022/07/13,88.3
633,43881124,43880634,2010/03/01,366.18
634,43880776,43880488,2005/03/28,837.83
635,43879601,43880605,2010/12/06,279.76
636,43881362,43881399,2023/03/06,25.1
637,43880746,43879530,2001/03/10,469.54
638,43879535,43881033,2001/06/23,966.33
639,43881283,43880196,2018/05/16,955.35
640,43879780,43881047,2002/04/08,685.19
641,43880426,43879732,2010/01/10,870.75
642,43881086,43881137,2004/06/09,893.79
643,43880002,43881340,2006/10/18,673.42
644,43880132,43879599,2010/02/19,713.32
645,43881135,43880894,2022/03/19,292.58
646,43881364,43880610,2011/07/02,201.87
647,43879674,43881077,2005/09/18,279.21
648,43881067,43880309,2016/07/18,137.82
649,43881351,43880501,2022/01/04,269.45
650,43881026,43880447,2009/10/11,577.4
651,43880987,43880911,2001/12/29,952.68
652,43881289,43879811,2007/03/14,129.54
653,43881029,43881492,2001/03/06,990.99
654,43880144,43881058,2015/07/08,390.81
655,43881289,43879913,2006/06/15,646.96
656,43880989,43880523,2019/02/24,403.48
657,43880935,43880204,2008/09/16,168.55
658,43879789,43879834,2008/02/11,454.21
659,43879756,43880495,2014/10/20,513.08
660,43880208,43880282,2007/02/28,47.39
661,43880217,43880192,2011/07/17,160.3
662,43880763,43879610,2014/01/10,47.5
663,43879591,43880937,2010/11/27,485.62
664,43879722,43881360,2015/10/06,949.67
665,43879635,43880683,2017/05/30,933.0
666,43881178,43881435,2013/10/21,949.12
667,43881380,43880598,2013/08/09,869.52
668,43880366,43881414,2018/04/22,825.9
669,43881484,43880602,2008/11/01,561.38
670,43881210,43881447,2015/11/12,450.15
671,43879870,43880848,2023/01/15,866.72
672,43880663,43880933,2008/12/10,186.17
673,43879875,43881391,2006/08/21,618.07
674,43880169,43880270,2006/04/06,491.69
675,43879756,43880236,2009/09/07,317.59
676,43880391,43879593,2009/10/15,197.29
677,43880700,43881397,2001/02/09,84.46
678,43880011,43879951,2022/06/09,143.45
679,43881024,43880240,2001/03/29,929.28
680,43879927,43880910,2001/05/21,566.33
681,43880748,43881501,2000/12/10,125.96
682,43881052,43881430,2010/06/06,291.62
683,43880416,43880688,2021/12/15,719.09
684,43879873,43880258,2003/01/22,362.39
685,43881341,43881312,2021/07/14,547.67
686,43881343,43880263,2018/02/04,604.03
687,43879881,43879630,2018/12/25,616.9
688,43879758,43880548,2004/03/12,110.79
689,43880692,43879940,2004/08/01,598.06
690,43879812,43879811,2018/03/31,875.82
691,43881136,43881373,2015/06/15,976.13
692,43881206,43880554,2008/08/03,130.13
693,43880020,43881056,2015/10/01,982.4
694,43881354,43879940,2008/09/25,588.86
695,43881361,43881324,2013/11/23,902.43
696,43881420,43881393,2006/02/02,266.96
697,43879633,43879696,2008/04/08,164.47
698,43879905,43880528,2020/06/22,826.46
699,43881152,43879534,2011/12/30,379.51
700,43879678,43880218,2018/12/25,433.3
701,43880772,43879897,2010/09/11,844.44
702,43880727,43881417,2005/11/09,870.35
703,43880461,43881122,2014/04/27,23.57
704,43879540,43880859,2020/10/26,621.7
705,43881123,43880988,2018/03/13,63.93
706,43879850,43880573,2001/03/02,775.83
707,43881305,43880232,2013/03/01,447.12
708,43881289,43881459,2002/12/24,107.88
709,43879529,43880464,2009/09/20,452.09
710,43879938,43881065,2006/11/14,833.63
711,43879970,43879842,2008/09/06,273.5
712,43880453,43880496,2003/09/23,536.87
713,43880199,43880929,2013/06/22,144.17
714,43880592,43880548,2005/06/08,297.85
715,43879664,43880334,2007/10/31,191.53
716,43880162,43879638,2017/10/19,529.28
717,43879825,43879984,2002/01/29,161.79
718,43881167,43881249,2016/02/28,315.94
719,43879901,43880463,2012/06/13,10.28
720,43880333,43879812,2002/05/01,416.75
721,43880292,43880835,2003/07/03,235.2
722,43879894,43879830,2012/09/08,172.84
723,43879638,43879943,2011/03/01,320.0
724,43880614,43881505,2022/10/18,780.21
725,43880184,43881294,2015/03/02,146.11
726,43879923,43880202,2003/04/08,488.41
727,43879918,43881437,2022/02/24,173.37
728,43881498,43879705,2009/01/30,238.13
729,43880816,43879961,2020/07/08,266.3
730,43880738,43881461,2007/08/28,794.4
731,43880920,43880984,2012/08/12,848.88
732,43880185,43880530,2013/03/11,741.48
733,43881180,43880482,2015/11/23,482.6
734,43881291,43880028,2014/09/06,791.71
735,43881266,43881160,2014/12/20,625.32
736,43880999,43880659,2004/01/22,982.77
737,43880073,43880307,2002/05/22,169.34
738,43879529,43881207,2020/06/02,448.28
739,43879864,43879740,2006/02/27,769.79
740,43880655,43880380,2023/02/02,660.13
741,43879706,43881395,2005/10/08,369.58
742,43880833,43880039,2020/04/10,42.6
743,43881370,43881009,2004/06/13,493.99
744,43880375,43879518,2006/07/15,151.1
745,43881366,43879568,2018/08/07,258.7
746,43880784,43879679,2002/10/05,644.39
747,43880177,43879753,2016/07/07,574.5
748,43880656,43881004,2022/07/27,960.27
749,43879777,43881349,2007/02/22,664.5
750,43880075,43879663,2013/09/18,816.09
751,43881040,43881112,2013/08/14,86.87
752,43880107,43881376,2017/08/03,839.7
753,43880870,43881284,2016/04/26,88.53
754,43881276,43880489,2008/04/05,571.57
755,43879624,43880484,2004/12/21,295.81
756,43880304,43879668,2000/05/08,49.78
757,43879761,43881269,2015/10/17,688.52
758,43881331,43880128,2001/01/21,878.23
759,43879729,43880971,2001/12/02,141.26
760,43879913,43880831,2009/12/15,903.52
761,43879747,43880666,2001/05/09,104.08
762,43880641,43881107,2006/01/11,901.95
763,43880877,43880477,2014/03/28,9.94
764,43880834,43880021,2008/11/10,669.92
765,43881414,43880050,2015/09/13,148.1
766,43880056,43880156,2008/08/02,362.12
767,43881186,43881307,2013/04/17,501.0
768,43881456,43880533,2013/08/25,37.28
769,43881201,43880945,2001/09/20,205.24
770,43879773,43881340,2003/03/31,315.25
771,43880996,43881440,2002/04/05,885.74
772,43879696,43881453,2005/07/10,848.18
773,43881130,43880486,2011/01/12,115.91
774,43881106,43880445,2002/01/25,656.61
775,43880642,43880597,2011/01/19,234.61
776,43881032,43880695,2017/05/24,219.88
777,43881362,43881286,2001/01/06,17.46
778,43880932,43881374,2023/02/22,179.59
779,43880461,43880315,2006/05/19,989.22
780,43881267,43879520,2006/06/14,311.19
781,43880797,43881339,2001/07/04,912.36
782,43880018,43881410,2007/12/05,60.93
783,43880686,43881325,2022/05/17,731.15
784,43881341,43880853,2002/07/08,740.71
785,43880836,43879539,2019/04/04,490.65
786,43880939,43881360,2001/03/13,514.12
787,43880356,43880126,2018/09/19,312.99
788,43880434,43881482,2019/09/10,786.52
789,43881328,43879814,2006/08/26,396.46
790,43881394,43881314,2018/11/17,726.38
791,43879566,43879596,2014/02/23,167.92
792,43881160,43880247,2020/04/08,901.57
793,43881333,43880479,2005/07/11,524.25
794,43879744,43879632,2005/02/12,380.48
795,43879667,43880084,2000/12/28,629.34
796,43881452,43881476,2010/12/30,173.63
797,43880472,43879867,2019/12/17,751.3
798,43880671,43880751,2012/04/06,750.22
799,43879877,43881346,2002/10/21,885.55
800,43880342,43879753,2013/08/17,431.47
801,43880013,43879948,2001/11/27,708.4
802,43880516,43880460,2017/08/18,522.02
803,43880109,43880431,2007/09/12,463.48
804,43880087,43881236,2019/05/03,367.41
805,43880988,43881141,2004/01/03,477.96
806,43880321,43879971,2005/07/25,138.03
807,43880506,43880768,2011/04/23,894.06
808,43881473,43879628,2007/01/11,515.33
809,43879963,43879934,2010/05/04,896.56
810,43880326,43880950,2007/04/29,746.76
811,43880711,43880864,2007/08/02,892.95
812,43879578,43880329,2002/04/25,352.94
813,43881464,43880795,2021/03/23,956.14
814,43880503,43880840,2018/12/30,773.29
815,43881349,43879518,2008/06/28,654.35
816,43880449,43880446,2001/05/04,54.71
817,43881238,43881273,2018/08/29,187.35
818,43881371,43881037,2021/03/03,91.9
819,43880776,43880062,2007/07/14,165.65
820,43880503,43881277,2018/03/16,988.71
821,43880014,43879948,2016/09/23,548.05
822,43879565,43880086,2011/03/02,708.3
823,43880147,43879972,2007/05/15,672.78
824,43881307,43879965,2019/06/04,564.62
825,43879682,43879727,2014/08/15,111.62
826,43880631,43880283,2013/10/17,649.27
827,43881205,43879940,2009/05/02,612.71
828,43880135,43879564,2014/08/22,141.86
829,43879666,43879725,2013/08/23,377.43
830,43880687,43879558,2013/09/25,274.04
831,43880130,43880169,2020/10/10,197.89
832,43879515,43880019,2005/08/27,577.04
833,43881401,43880835,2010/03/30,581.94
834,43881169,43881263,2016/07/29,984.42
835,43879923,43881114,2004/09/26,854.1
836,43879591,43879693,2020/05/22,100.89
837,43881064,43880711,2009/02/20,616.69
838,43881258,43880854,2021/01/25,690.62
839,43880935,43880075,2008/04/21,484.08
840,43881204,43880651,2009/05/26,558.71
841,43880877,43880669,2000/08/06,231.23
842,43880229,43881091,2015/04/25,422.06
843,43880262,43880396,2022/04/24,73.81
844,43881470,43881180,2022/02/23,358.63
845,43880954,43880753,2009/06/07,691.69
846,43881303,43879682,2003/10/17,770.24
847,43880104,43881222,2007/07/25,91.41
848,43880003,43879593,2021/02/24,687.75
849,43880461,43879720,2000/07/08,478.6
850,43880525,43881231,2000/10/09,485.89
851,43879634,43880310,2021/03/09,471.53
852,43880994,43880391,2012/11/06,453.15
853,43880664,43881402,2006/06/14,450.68
854,43880772,43880476,2022/12/22,407.68
855,43879537,43880755,2007/10/21,246.57
856,43880538,43880167,2019/10/29,311.31
857,43879796,43880270,2015/04/19,824.78
858,43880725,43880895,2001/09/29,758.96
859,43881371,43880266,2004/06/09,230.37
860,43880059,43881093,2006/08/28,340.15
861,43880623,43879844,2019/08/19,135.1
862,43880999,43881165,2022/12/18,218.01
863,43880483,43879527,2013/01/01,403.61
864,43879688,43880297,2018/03/29,603.21
865,43879569,43880293,2013/10/26,288.46
866,43880753,43881002,2013/11/03,680.76
867,43881187,43881445,2002/09/26,845.61
868,43880348,43879897,2019/10/03,351.2
869,43879902,43880007,2003/10/16,376.75
870,43879863,43879527,2021/06/01,252.31
871,43879617,43880623,2016/05/03,981.12
872,43880291,43880117,2005/11/26,861.03
873,43880588,43879613,2010/12/22,931.43
874,43881446,43879870,2004/04/16,619.69
875,43879882,43881321,2018/11/24,122.56
876,43880298,43879650,2021/07/22,720.31
877,43880517,43879580,2018/02/09,414.23
878,43881116,43879553,2018/05/16,637.81
879,43880231,43881512,2006/01/06,737.5
880,43879648,43880430,2006/08/19,743.3
881,43880316,43881208,2007/01/06,641.56
882,43879785,43880086,2008/07/15,91.14
883,43880371,43879862,2023/02/08,753.97
884,43879826,43879964,2011/10/24,305.87
885,43879950,43880934,2001/12/29,715.32
886,43880194,43879746,2008/08/17,361.68
887,43881146,43880639,2012/11/04,989.57
888,43880181,43879622,2022/06/19,30.43
889,43879841,43881084,2005/05/10,472.49
890,43881237,43879881,2014/05/08,624.54
891,43880763,43880723,2016/10/04,405.69
892,43879834,43880373,2001/07/05,503.85
893,43880653,43879694,2020/06/12,676.28
894,43880807,43881317,2008/08/20,853.89
895,43879721,43881223,2008/01/13,822.54
896,43880340,43880829,2004/02/27,962.92
897,43880117,43880141,2017/11/21,774.05
898,43879766,43880329,2014/12/25,480.96
899,43880517,43881387,2011/11/04,544.03
900,43880989,43880891,2014/07/18,583.41
901,43881264,43880228,2000/08/13,737.51
902,43879802,43881303,2009/04/05,546.11
903,43881058,43880421,2014/11/30,767.45
904,43880786,43880852,2018/10/13,785.41
905,43881221,43880267,2007/10/17,6.57
906,43881305,43881255,2011/08/22,381.27
907,43879888,43881415,2010/09/03,263.69
908,43880590,43881274,2008/01/09,542.25
909,43879927,43881039,2011/01/08,311.01
910,43881048,43881162,2005/06/30,730.74
911,43880704,43880730,2016/01/07,173.42
912,43879633,43879516,2013/09/01,574.35
913,43881068,43879970,2018/05/31,22.98
914,43880920,43880839,2004/11/29,380.52
915,43880244,43879591,2017/06/27,210.0
916,43879892,43881035,2003/03/10,150.79
917,43880459,43881164,2012/08/28,827.96
918,43880185,43879980,2006/01/30,717.38
919,43881274,43881441,2014/02/27,786.56
920,43880850,43881198,2002/11/04,10.34
921,43881108,43881092,2021/03/09,262.7
922,43880446,43880702,2014/06/29,996.3
923,43879759,43880458,2002/05/19,548.37
924,43880723,43881028,2014/08/16,15.61
925,43880837,43881180,2008/04/30,840.5
926,43881425,43879700,2007/09/08,831.94
927,43880633,43879616,2017/11/30,572.3
928,43881064,43881245,2014/08/27,312.16
929,43880136,43881048,2001/12/15,217.93
930,43880223,43879553,2018/10/06,829.38
931,43879910,43881183,2017/01/14,747.06
932,43881132,43880137,2014/07/16,798.13
933,43879519,43880735,2017/02/19,692.26
934,43879661,43880826,2023/01/29,438.8
935,43880652,43879701,2007/06/04,260.55
936,43879648,43880749,2012/07/15,556.6
937,43880394,43879964,2006/06/10,950.33
938,43880257,43879911,2017/02/06,495.31
939,43879540,43880088,2010/07/22,17.36
940,43881449,43880362,2012/05/30,257.3
941,43881067,43880498,2022/06/12,815.07
942,43881486,43880332,2008/09/15,874.97
943,43880249,43879734,2009/06/29,719.84
944,43879960,43879918,2008/04/23,75.02
945,43881099,43880102,2010/10/19,732.14
946,43880413,43880871,2021/11/16,610.15
947,43881076,43880038,2016/12/01,103.2
948,43880369,43881056,2017/02/10,90.36
949,43879726,43881277,2011/09/12,289.07
950,43881265,43881248,2001/03/30,868.68
951,43879826,43880866,2017/02/21,700.33
952,43880866,43879682,2014/10/28,831.29
953,43880648,43879602,2001/01/18,494.96
954,43880421,43880259,2011/05/28,686.34
955,43880194,43879796,2012/04/22,711.34
956,43881320,43880469,2016/06/04,771.7
957,43879954,43881067,2002/04/18,335.37
958,43881308,43880158,2001/07/22,226.57
959,43881470,43881000,2000/06/16,768.64
960,43879835,43879958,2020/10/27,658.42
961,43880283,43880892,2005/02/09,144.69
962,43879665,43880911,2012/09/25,30.38
963,43881143,43881416,2002/10/10,272.26
964,43881373,43880703,2015/10/25,632.68
965,43880119,43879907,2010/08/18,432.51
966,43881067,43880727,2009/12/19,643.93
967,43880080,43880543,2004/04/28,666.54
968,43880832,43880022,2006/04/02,374.58
969,43880073,43880024,2007/01/17,917.42
970,43880649,43880795,2014/11/27,622.75
971,43880817,43880348,2021/10/09,872.81
972,43881041,43880851,2010/05/14,30.99
973,43881340,43880592,2005/01/20,356.95
974,43880972,43880927,2016/07/06,906.44
975,43879981,43880858,2013/07/17,573.11
976,43879802,43880748,2012/03/18,774.2
977,43881361,43879695,2011/10/17,629.07
978,43881349,43881101,2010/02/23,336.71
979,43879715,43881316,2003/02/15,461.32
980,43880712,43881059,2022/12/06,133.31
981,43879996,43880069,2009/12/05,52.72
982,43881358,43881351,2019/10/09,156.63
983,43881459,43879790,2010/04/24,551.69
984,43880503,43880920,2008/08/01,361.77
985,43881057,43880573,2020/12/22,133.5
986,43880831,43880814,2007/11/01,920.75
987,43880032,43880046,2001/10/03,795.57
988,43880814,43881017,2020/12/03,871.22
989,43881315,43881348,2008/04/23,965.43
990,43881339,43881213,2013/02/28,269.74
991,43879778,43881371,2013/09/12,426.23
992,43879957,43879888,2011/12/20,694.95
993,43880823,43881320,2016/05/22,88.26
994,43880289,43880191,2009/11/15,161.3
995,43881470,43881427,2001/04/04,587.43
996,43880598,43880114,2008/04/10,872.04
997,43881307,43880948,2010/06/04,940.66
998,43880844,43880931,2009/07/16,449.31
999,43881131,43880170,2010/03/26,703.09
1000,43880176,43879969,2000/05/17,834.23
